<?xml version="1.0" ?>
<LOG_ROOT>
	<PROJECT NAME="xuehao">
		<CBX_INST_ENTRY INSTANCE_NAME="|xuehao|lpm_divide:Div0" CBX_FILE_NAME="lpm_divide_p0p.tdf"/>
		<CBX_INST_ENTRY INSTANCE_NAME="|xuehao|lpm_divide:Div2" CBX_FILE_NAME="lpm_divide_p0p.tdf"/>
		<CBX_INST_ENTRY INSTANCE_NAME="|xuehao|lpm_divide:Mod1" CBX_FILE_NAME="lpm_divide_soo.tdf"/>
		<CBX_INST_ENTRY INSTANCE_NAME="|xuehao|lpm_divide:Div1" CBX_FILE_NAME="lpm_divide_p0p.tdf"/>
		<CBX_INST_ENTRY INSTANCE_NAME="|xuehao|lpm_divide:Mod0" CBX_FILE_NAME="lpm_divide_soo.tdf"/>
		<CBX_INST_ENTRY INSTANCE_NAME="|xuehao|lpm_divide:Mod2" CBX_FILE_NAME="lpm_divide_soo.tdf"/>
	</PROJECT>
</LOG_ROOT>
